lucrative,利益の大きい
squander,浪費する
flimsy,壊れやすい
incision,切開
lethargic,けだるい
pinnacle,頂点
allay,鎮める
feat,功績
ransack,くまなく探す
caustic,辛辣な
frivolous,軽率な
latitude,自由
adept,熟練して
avid,熱心な
asylum,亡命
placate,なだめる
pristine,新品同様の
blatantly,公然と
attire,服装
offshoot,派生したもの
gullible,だまされやすい
hindsight,あと知恵
ambush,待ち伏せ
zenith,頂点
prognosis,予後
meticulous,細心の注意を払った
acrimony,とげとげしさ
propensity,傾向
entice,誘惑する
alienate,遠ざける
exonerate,無罪を証明する
clamor,騒音
respite,小休止
huddle,身を寄せ合う
figment,空想
tenacious,粘り強い
extol,絶賛する
aversion,嫌悪
immaculate,清潔な
gregarious,社交的な
ostracize,のけ者にする
uncouth,無作法な
salient,顕著な
mayhem,大混乱
defunct,現存しない
petrify,すくませる
invoke,行使する
rebuke,非難する
accolade,称賛
solace,慰め
fervent,熱心な
apathetic,無感動な
catalyst,きっかけ
wane,衰える
clout,影響力
override,覆す
secede,脱退する
appall,ぞっとさせる
debunk,正体を暴露する
vent,発散する
reiterate,繰り返して言う
compunction,後悔
deluge,大洪水
diffident,自信のない
mollify,なだめる
torment,苦しめる
douse,消す
debacle,大失敗
backlog,やり残し
resplendent,きらびやかな
quaint,古風で趣のある
tepid,なまぬるい
inundate,押し寄せる
rampage,暴れ回ること
echelon,段階
disdain,軽蔑
eschew,避ける
palatable,口に合う
referendum,国民投票
fickle,気まぐれな
tantamount,同等の
placid,静かな
heave,引っ張る
scrawl,殴り書きする
implore,懇願する
accost,近寄って話しかける
erratic,不安定な
absolve,無罪を言い渡す
hoard,蓄え
euphoric,幸福感にあふれた
incarcerate,投獄する
brevity,簡潔さ
pamper,甘やかす
culpable,とがめられるべき
impervious,無感覚な
prowess,卓越した力量
nonchalant,平然とした
dawdle,ぐずぐずする
capitulate,抵抗をやめる
rebuff,拒絶する
pedantic,細部にこだわる
squeamish,気分が悪くなる
diatribe,痛烈な批判
reprehensible,非難されるべき
cryptic,不可解な
exuberant,熱狂的な
pallid,青白い
acrid,辛らつな
penchant,嗜好
vigil,徹夜
sheepishly,きまり悪そうに
unkempt,だらしない
wince,顔をしかめる
dilapidated,荒れ果てた
blemish,しみ
paltry,ごくわずかな
ambivalent,相反する感情を持つ
hermit,隠者
quench,いやす
dispel,払いのける
wrath,猛烈な怒り
polarize,二分する
condolence,哀悼の意
charlatan,ペテン師
succinct,簡潔な
infraction,違反
detract,損なう
gorge,渓谷
acquittal,無罪判決
lurch,よろめく
adorn,装飾する
rubble,がれき
homage,敬意
stint,期間
procure,入手する
mortify,恥をかかせる
fret,くよくよする
denigrate,中傷する
consecrate,神にささげる
ultimatum,最終通告
fidelity,忠誠
premium,保険料
susceptible,影響されやすい
debris,がれき
revitalize,活性化する
instill,教え込む
hassle,煩わしいこと
opt,選択する
disparate,まったく異なる
elicit,引き出す
robust,強健な
shun,避ける
nomadic,遊牧の
disperse,分散する
havoc,大破壊
mar,損なう
inception,発足
resurgence,再起
delve,掘り下げる
embed,埋め込む
bestow,授ける
stringent,厳しい
dissipate,消滅する
hoax,虚偽の警報
astound,びっくり仰天させる
reinstate,復帰させる
momentous,きわめて重要な
adjunct,付属物
matrimony,結婚
subservient,従属的な
interlude,合間
decorum,礼儀正しい行動
rescind,撤回する
ruse,策略
undermine,ひそかに傷つける
scarcity,不足
profound,深刻な
deploy,展開させる
denounce,非難する
slash,大幅に削減する
liaison,連絡
rigorous,厳しい
mitigate,和らげる
imperative,絶対必要な
depict,表現する
amass,蓄える
dissent,異議
replenish,補充する
tangible,明白な
splurge,贅沢をする
savvy,やり手の
acclaim,称賛
gadget,装置
postulate,仮定する
manifest,明らかな
affinity,親近感
revert,戻る
vilify,中傷する
incapacitate,能力を奪う
calamity,災難
mortality,死亡
onslaught,激しい攻撃
revelation,驚くべき新事実
lull,なだめる
surmise,推測する
harness,利用する
solicit,請い求める
dispatch,派遣する
multitude,多数
supplant,取って代わる
imminent,差し迫った
wrangle,言い争う
scour,くまなく調べる
threshold,出発点
dividend,配当
pundit,専門家
incubate,化せさせる
attrition,自然減
incense,激怒させる
poach,密猟する
intercept,捕らえる
deceased,死去した
straddle,またがる
corrode,腐食させる
nurture,育てる
connotation,含意
anecdotal,逸話的な
smother,抑制する
tilt,傾く
embroil,巻き込む
exponent,主唱者
impeach,弾劾する
residual,残留している
boon,恩恵
retract,撤回する
insurrection,暴動
dispassionate,冷静な
wanton,理不尽な
fray,争い
defame,中傷する
veto,拒否権
buoyant,上向きの
invert,ひっくり返す
invigorate,活性化する
tyranny,専制政治
stitch,縫う
nimble,素早い
infiltrate,潜入する
persecute,迫害する
colloquial,口語の
trajectory,軌道
spurn,拒ぜつする
upend,ひっくり返す
conscientious,慎重な
onerous,骨の折れる
tycoon,巨頭
precept,原理
modulate,調節する
unwitting,知らず知らずの
espouse,支持する
inept,能力に欠ける
ostensible,表向きの
haphazardly,無計画に
opaque,不透明な
latent,潜在的な
extradite,引き渡す
revile,非難する
configuration,配置
veracity,正直さ
odious,忌まわしい
languid,元気がない
mangle,ひどく傷つける
extrapolate,推定する
terse,ぶっきらぼうな
distend,膨らむ
scoff,あざ笑う
felony,重罪
bucolic,田園的な
truncate,切り詰める
cordially,心から
amity,友好
truculent,攻撃的な
luminous,光を発する
ruffle,いら立たせる
incongruous,場にそぐわない
bellow,怒鳴る
decree,命じる
remuneration,報酬
coarse,きめの粗い
dissertation,学位論文
conveyance,運搬
periphery,周囲
extraneous,無関係の
enchant,魅了する
infantile,子どもっぽい
acclimate,慣れる
abstinence,節制
reverie,空想
tether,つなぐ
gratify,喜ばせる
pompous,尊大な
scruffy,薄汚い
censure,非難
flinch,ひるむ
duplicity,不誠実な行為
apparition,亡霊
spillage,こぼすこと
stampede,一斉に逃げる
clemency,寛大な措置
chide,叱る
trudge,重い足取りで歩く
edify,啓発する
sordid,浅ましい
alacrity,機敏さ
ludicrous,ばかげた
vehement,激しい
annulment,無効
docile,従順な
bombastic,大げさな
erudite,博学な
pernicious,非常に有害な
felicity,至福
scrounge,せびる
laborious,労力を要する
incinerate,焼却する
twitch,びくびく動く
strident,耳ざわりな
inclination,気持ち
clobber,打ち負かす
perturb,不安にする
billow,膨らむ
reticent,無口な
extrinsic,外部の
encumber,妨げる
restitution,返還
impel,駆り立てる
rankle,心を苦しめる
absurdity,ばかげたこと
onrush,突然の発展
cogitate,熟考する
gnaw,かじる
ingenious,見事な
deity,神
accede,同意する
entwine,絡ませる
lubricate,油を差す
paucity,不足
virulent,悪性の
debonair,感じのよい
deprecate,批判する
incriminate,罪を負わせる
pare,皮をむく
sullen,不機嫌な
delirious,錯乱して
schism,分裂
rendezvous,待ち合わせ
hibernate,冬眠する
egregious,実にひどい
equilibrium,均衡
prodigious,驚くべき
tinge,色合い
drool,よだれを垂らす
dainty,上品な
heist,強盗
facet,一面
anoint,指定する
malevolent,悪意のある
prowl,うろつく
beguile,だます
dissonance,不一致
incumbent,現職の
maim,重傷を負わせる
remnant,名残
topple,倒す
impertinent,生意気な
aberration,異常
chuckle,くすくす笑う
presumptuous,厚かましい
chasten,恥ずかしい思いをさせる
percolate,浸透する
jiggle,細かく揺れ動く
trepidation,不安
capricious,気まぐれな
crumple,しわくちゃにする
epiphany,突然のひらめき
elated,大喜びで
nominally,名目上の
abrasive,いらいらさせる
platitude,決まり文句
aspiration,野心
abhorrent,嫌悪感を抱かせて
auxiliary,補助の
nibble,少しずつかじる
penitent,後悔して
embitter,つらい思いをさせる
bungle,しくじる
hobble,足を引きずって歩く
satirize,風刺する
spree,ばか騒ぎ
improvise,即興で作る
irk,うんざりさせる
jeer,あざける
flippant,不真面目な
predilection,強い好み
enigmatic,不思議な
allegory,寓意的作品
trickle,少しずつ流れる
inanimate,生命のない
adjudicate,裁く
connive,共謀する
condescending,相手を見下すような
dank,湿っぽくて寒い
cursory,大まかな
faze,狼狽させる
suave,温厚な
conducive,貢献する
obfuscate,わかりにくくする
sanctity,神聖さ
elocution,演説法
amenable,従順な
creed,信条
cranky,怒りっぽい
disposition,気質
enliven,活気づける
insolent,生意気な
ambient,周囲の
lunge,突進する
rig,不正に操作する
partisan,支持者
rupture,破裂
shimmer,かすかに光る
loiter,うろうろする
magnanimous,度量の大きい
scrumptious,とてもおいしい
scant,不十分な
putrid,腐敗した
muddle,混乱させる
eclectic,折衷的な
jovial,陽気な
proffer,提供する
cogent,説得力のある
reel,動揺する
scorn,軽蔑する
bereft,打ちひしがれた
blurb,宣伝文
jocular,ひょうきんな
saunter,のんびり歩く
binge,過度の熱中
lampoon,風刺する
twinge,心の痛み
vexing,厄介な
tabulate,表にする
parched,干からびた
delectable,非常においしい
scrawny,やせこけた
myriad,無数の
soar,急上昇する
backlash,反発
articulate,はっきり述べる
paramount,最高の
surge,急騰
clot,凝固する
flourish,栄える
ignite,火をつける
intimidate,脅迫する
intricate,入り組んだ
perpetuate,永続させる
discard,捨てる
slaughter,屠殺する
provoke,引き起こす
repress,抑える
encompass,含む
ensue,続いて起こる
array,多様な
galvanize,衝撃を与える
revere,崇拝する
deteriorate,悪化する
intact,無傷で
entrust,委ねる
downplay,過小評価する
subsidize,補助金を与える
prone,傾向がある
surveillance,監視
ascribe,原因を～に帰する
pinpoint,特定する
decimate,殺す
surcharge,追加料金
cripple,機能を不全にする
discrepancy,不一致
pretext,口実
outlay,支出
menace,脅威
crunch,処理する
compliance,順守
diversify,多様化する
expulsion,排除
intrigue,興味をそそる
shortcoming,短所
endow,授ける
amenity,施設
bleak,見通しがよくない
futile,無益な
guise,外観
condemnation,非難
layman,素人
ambiguity,あいまいさ
prolonged,長期の
insidious,知らない間に進行する
exterminate,皆殺しにする
upstart,新興企業
mentor,よき指導者
drenched,びしょぬれの
decor,装飾
swap,交換する
flunk,不合格になる
sinister,邪悪な
backdrop,背景
implicate,関与を示す
pragmatic,現実的な
empathize,共感する
slump,急落する
posture,姿勢
lag,遅れを取る
lenient,寛大な
deflect,かわす
protagonist,主役
elastic,弾力性のある
amplify,拡大する
circumstantial,状況に基づく
breach,破る
linger,ぐずぐずする
speculation,推測
ordeal,辛い体験
embody,具体的に表す
whim,気まぐれ
muffle,消す
adulation,絶賛
disavow,否定する
poised,準備ができて
expediency,方便
homogeneous,同質の
hubris,傲慢
gloss,光沢
grovel,ひれ伏す
layover,途中下車
fling,投げつける
wean,離乳させる
shove,押しのける
limp,か弱い
sloth,怠惰
interminable,果てしなく続く
loophole,抜け穴
induct,就任させる
synthesize,統合する
din,騒音
bureaucrat,官僚
pacify,和らげる
pounce,飛びかかる
malice,悪意
bluntly,無遠慮に
squash,押しつぶす
mishap,災難
sparse,まばらな
fabricate,でっち上げる
patronage,後援
recalcitrant,反抗的な
sabotage,破壊する
contemplate,熟考する
obstruct,妨げる
shoddy,粗悪な
leeway,自由
leverage,影響力
whine,泣き言を言う
repository,収納庫
impoverish,貧乏にする
outcast,追放された人
transcend,限界を超える
efface,取り除く
vicarious,自分のことのように感じる
paragon,模範
paternity,父であること
purported,～と称されている
impetus,刺激
pledge,誓う
lineage,家系
denomination,単位
crest,頂上
constrain,制約する
figuratively,比喩的に
semblance,うわべ
indelible,消すことのできない
mystique,神秘的な雰囲気
clumsy,不器用な
bountiful,豊富な
sanctuary,鳥獣保護区域
germinate,発芽する
precipitous,非常に険しい
blurt,うっかり口にする
tumble,転ぶ
outage,供給停止
strut,誇らしげに歩く
belatedly,遅れて
erode,損なう
incarnation,化身
vulgar,下品な
arrogance,傲慢
hitch,支障
tantalizing,じらすような
eavesdrop,盗み聞きする
gimmick,仕掛け
demean,品位を落とす
shrewd,頭の切れる
agonize,苦悩する
anonymity,匿名
fetter,拘束する
lackluster,さえない
implicit,暗黙の
buffer,和らげるもの
demeanor,振る舞い
cajole,おだてる
disgruntled,不満な
urbane,洗練された
emblazon,飾る
equivocate,言葉を濁す
engulf,飲み込む
exponential,急激な
snare,わな
guzzle,がぶがぶ飲む
translucent,半透明の
jaded,うんざりした
obsequious,へつらう
tedium,退屈なこと
impound,押収する
genial,愛想のよい
embolden,勇気づける
efficacious,効き目のある
gaunt,ひどくやせた
conceit,うぬぼれ
effigy,像
throb,ずきずき痛む
progeny,子孫
grind,退屈な仕事
deface,外観を損なう
dissemble,隠す
append,追加する
consummate,非常に有能な
fervor,熱情
enamored,魅惑されて
retribution,当然の報い
emancipate,解放する
sidestep,回避する
deform,変形させる
rustic,素朴な
woe,問題
usher,案内する
nuisance,迷惑なもの
avarice,強欲
pushover,簡単なこと
dart,動く
droop,垂れる
jumble,ごちゃ混ぜにする
blanch,青ざめる
sectarian,宗派の
levitate,空中に浮く
rapture,歓喜
impermeable,不浸透性の
ascension,上昇
fumigate,燻蒸消毒する
lassitude,無気力
instantaneous,即座の
escapade,とっぴな行動
entourage,取り巻き
voraciously,貪欲に
profane,不敬な
malign,中傷する
personable,感じのよい
makeshift,間に合わせの
nauseate,吐き気を催させる
seditious,反政府的な
desultory,とりとめない
swab,拭う
decadence,堕落
luster,輝かしい名声
strenuous,激しい
succulent,肉汁の多い
indiscriminate,無差別の
clairvoyant,透視力のある
reap,享受する
fortitude,精神的な強さ
dubious,不審な
romp,跳ね回ること
grouch,不平不満な人
abyss,どん底
jilt,捨てる
transpose,入れ換える
conundrum,難題
stowage,収納場所
snitch,密告者
emphatic,強調された
snide,とげのある
widget,小さな装置
credulity,信じやすい性質
ephemeral,一時的な
insubstantial,非現実的な
beckon,手招きする
sneer,冷笑
tenuous,弱い
scuff,こすった跡をつける
ingrained,深く染み込んだ
dredge,浚渫する
niggle,くよくよする
bulge,膨らむ
perverse,屈折した
heretic,異端者
imperious,傲慢な
levy,徴収する
conflate,まとめる
prerogative,特権
collation,照合
truancy,ずる休み
unabashedly,恥ずかしがらずに
haggard,やつれた
malady,病気
indictment,起訴
vociferous,声高な
infirmity,虚弱
mutinous,反抗的な
celibate,独身主義の
taint,傷つける
insignia,記章
probationary,見習い中の
denunciation,公然の非難
debar,禁じる
lax,緩い
obnoxious,非常に不快な
harbinger,前兆
logistically,業務遂行上
exhilaration,高揚感
rancid,悪臭のする
contemptuous,軽蔑した
peddle,売り歩く
rueful,申し訳なさそうな
inoculate,予防接種する
gratuity,心づけ
conviviality,陽気さ
tantrum,かんしゃく
hallucinate,幻覚を起こす
indemnity,賠償
indolence,怠惰
underwrite,融資を引き受ける
virtuous,徳の高い
exult,大喜びする
tumult,騒動
redeem,補う
consort,付き合う
defer,延期する
delineate,詳述する
condiment,調味料
crux,核心
foist,押し付ける
dispensation,特別な許し
arrears,滞納
egalitarian,平等主義の
belittle,軽んじる
snarl,うなる
annihilate,全滅させる
crabby,不機嫌な
glib,口先だけの
jinx,不運をもたらすもの
entreaty,懇願
luminary,著名人
ebullience,情熱
senile,老齢による
incredulous,信じようとしない
waylay,呼び止める
tubby,ずんぐりした
acquiesce,黙認する
conscription,徴兵
contravene,違反する
inter,埋葬する
addendum,追加物
dribble,垂らす
rumple,くしゃくしゃにする
kindred,同類の
cardinal,非常に重要な
matriculate,入学する
treason,反逆
bereaved,残された
tier,段階
garrulous,おしゃべりな
digression,脱線
stymie,妨害する
snip,はさみで切る
dismay,うろたえさせる
volition,決断
arbitrate,仲裁する
agape,口を開けた
gradient,勾配
repulsive,嫌悪感を催させる
abduct,誘拐する
linkage,つながり
contraption,変わった機械
garble,誤って伝える
demur,異議を唱える
trounce,完全に打ち負かす
stolid,無感動な
sedate,落ち着いた
gaudy,派手な
provident,将来に備えた
fortuitously,偶然に
rebate,払い戻し
burnish,磨く
overhaul,分解修理する
ponderous,退屈な
eponymous,同名の
incisive,鋭い
bedraggled,ぐしょぐしょの
cavernous,だだっ広い
jubilant,歓喜に満ちた
aperture,すき間
devout,敬虔な
promulgate,広める
pliable,曲がりやすい
chunky,厚手の
specter,不安
undulate,起伏に富む
spoof,パロディー
extort,巻き上げる
submissive,従順な
inimical,有害で
ameliorate,改善する
waver,動揺する
ferocious,凶暴な
irresolute,優柔不断な
hilarious,とても面白い
banish,追放する
conformist,順応主義者
angst,不安
remit,送る
redolence,芳香
tingle,ひりひりする
predominate,優位を占める
apex,頂上
accreditation,認可
courier,配達人
elongate,長くする
servitude,隷属
inertia,ものぐさ
impregnable,揺るがない
stalwart,熱心な支持者
blasphemy,不敬
haughty,傲慢な
staid,生真面目な
attuned,順応して
ascetic,苦行の
reciprocate,相手に返す
prophetic,予言的な
inclement,荒れ模様の
lure,誘い込む
warden,監視員
statutory,法定の
bicker,口論する
torrid,情熱的な
swill,がぶがぶ飲む
purvey,提供する
dilate,広げる
expiate,償う
inane,ばかげた
acolyte,部下
chivalrous,勇敢な
diffuse,拡散する
intractable,解決困難な
fathom,理解する
squint,目を凝らす
confluence,同時発生
craze,一時的な熱狂
fiendish,悪魔のような
gripe,不平
cleave,執着する
luscious,とてもよい
mirth,はしゃぐこと
caveat,警告
atonement,償い
embroider,潤色する
strife,衝突
partake,参加する
juxtapose,並べる
fortress,要塞
advocate,提唱者
manipulate,操作する
regime,政権
subsequent,その後の
vulnerable,傷つきやすい
indigenous,固有の
trait,特徴
predator,捕食動物
ultimately,結局
diagnose,診断する
legitimate,理にかなった
enhance,高める
incentive,動機
validity,妥当性
proponent,擁護者
cognitive,認識の
outright,完全に
facilitate,容易にする
correlation,相関関係
underestimate,過小評価する
drawback,欠点
skeptical,懐疑的な
embrace,受け入れる
controversial,論争を引き起こす
hazardous,有害な
extract,抽出する
implement,実行する
influx,到来
outweigh,より重要である
envision,想像する
contend,強く主張する
pharmaceutical,製薬の
migration,移動
warfare,戦争
livestock,家畜
perish,死ぬ
enact,制定する
implant,埋め込む
hypothesis,仮説
breakthrough,飛躍的な進歩
overly,過度に
inherent,本来備わっている
roam,歩き回る
mandatory,義務的な
accusation,告発
contaminate,汚染する
inmate,囚人
dub,呼ぶ
genetically,遺伝子的に
credibility,信用
toxic,毒性のある
relevance,関連
thrive,育つ
underlie,基礎となる
sway,影響を与える
delegate,委ねる
foresee,予測する
reinforce,強化する
assault,襲う
inject,注射する
pricey,高価な
disrupt,混乱させる
quota,分担
forefront,最前線
uprising,反乱
constitutional,憲法の
specimen,標本
displace,立ち退かせる
mortgage,住宅ローン
socioeconomic,社会経済的な
livelihood,生計
intensify,強める
potent,強力な
induce,引き起こす
surpass,勝る
irrational,不合理な
infamous,悪名高い
outrage,激怒
overthrow,転覆させる
spur,促進する
overstate,大げさに話す
dilemma,ジレンマ
ravage,破壊する
viable,実行可能な
flawed,欠陥がある
uphold,守る
simplistic,単純すぎる
intake,摂取
tremendous,非常に大きい
indispensable,不可欠な
divert,方向を変える
projection,予測
subordinate,下位の人
necessitate,必要とする
revolt,反乱
infectious,伝染性の
expel,追放する
oppress,虐げる
disposal,処分
overrun,占領される
recipient,受け手
societal,社会の
rebellious,言うことを聞かない
niche,すき間
devastate,荒廃させる
prestige,名声
brutality,残虐さ
casualty,死傷者
rampant,はびこった
coalition,連立
confinement,監禁
microscopic,微小な
neutrality,中立
evacuate,避難する
hygiene,衛生
integral,なくてはならない
outnumber,数で上回る
albeit,であるが
disproportionate,不釣り合いな
restoration,修復
foremost,第一級の
allocate,割り当てる
hostile,敵意を持った
buildup,増加
penalize,罰する
convict,有罪判決を下す
aftermath,直後の時期
hail,迎える
merge,統合する
captive,捕らえられた
complimentary,無料で提供される
downfall,没落
selective,選択が慎重な
upheaval,変動
eradicate,根絶する
verge,瀬戸際
pretense,ふり
privileged,特権を持つ
tolerance,寛容さ
render,にする
outlaw,禁止する
reassure,安心させる
gigantic,巨大な
forcible,力ずくの
inhibit,抑制する
disguise,偽る
confidential,機密の
dismiss,退ける
irrigation,灌漑
confrontational,対決的な
hinder,妨げる
oversight,監督
skyrocket,急騰する
evaporate,蒸発する
staggering,途方もない
quo,現状
halt,止まる
exert,使う
ballot,投票用紙
disciplinary,懲戒の
solidify,凝固する
bribery,贈賄
curb,抑制する
rash,軽率な
irrelevant,関連のない
demographic,層
communal,共同の
norm,規範
advent,到来
shatter,打ち砕く
chaotic,混沌とした
integrity,正直さ
agrarian,農業の
uproar,大騒ぎ
commence,始める
coin,作る
deplete,激減させる
exempt,免除する
incite,引き起こす
unprecedented,前例のない
entity,存在
intervene,介入する
attic,屋根裏
presumption,想定
assertive,はっきり意見を述べる
liken,なぞらえる
fragility,もろさ
hefty,高額な
foe,敵
incidence,発生
catastrophe,破局
outstrip,上回る
solidarity,団結
overdue,期限が過ぎて
seamless,継ぎ目のない
evoke,喚起する
brag,自慢する
upscale,高所得者向け
renowned,名高い
freight,運送貨物
outcry,抗議
unearth,掘り出す
municipality,地方自治体
recede,後退する
taxonomic,分類学の
watershed,分岐点
instability,不安定さ
suppress,抑える
misinterpret,誤って解釈する
decent,まずまずの
retrieve,救出する
wary,警戒している
criminality,犯罪行為
vandalism,破壊行為
sanitation,衛生
setback,障害
strive,努力する
affluent,裕福な
rundown,報告
formidable,手ごわい
deregulate,規制を解く
erupt,勃発する
diminutive,小型の
benchmark,基準
indicative,示して
reliant,依存している
prosecute,起訴する
stunning,とても美しい
edible,食べられる
addictive,中毒性の
plead,認める
traumatic,心的外傷を残す
contradictory,矛盾している
hierarchical,階層的な
populous,人口の多い
raid,襲撃
humanitarian,人道的な
workload,仕事量
monopoly,独占
finalize,最終的に決定する
tack,方針
standstill,行き詰まり
extraterrestrial,地球外の
consolidate,まとめる
invariably,いつも
prevalence,普及
populace,一般大衆
glamorous,魅力的な
stoke,あおる
ration,配給
deceptive,見せかけが当てにならない
reminisce,懐かしむ
stalemate,行き詰まり
agitate,世論に訴える
entail,に伴う
detour,回り道
milestone,画期的な事件
reclaim,奪還する
transparent,透明性の高い
dissolution,解体
barren,不毛の
occupant,占有者
land,手に入れる
onlooker,傍観者
thermal,熱の
racket,大騒ぎ
humane,人道的な
withhold,与えずにおく
obsessive,強迫観念の
proposition,提案
scrutinize,綿密に調べる
containment,制御
distressing,悲惨な
impair,弱める
resurrect,復活させる
discontent,不満
loot,略奪する
conspiracy,陰謀
lousy,お粗末な
legislature,議会
interrogation,尋問
itchy,かゆい
scheme,事業計画
vocalization,発声
obsolescence,廃れること
preferential,優先的な
pesky,うるさい
janitor,管理人
pendulum,変化
perimeter,周囲
loom,迫ってくる
respiratory,呼吸の
state-of-the-art,最新式の
assimilate,同化する
refurbish,改装する
conglomerate,コングロマリット
simulate,模擬実験をする
doom,運命づける
stockpile,備蓄
inconsequential,取るに足りない
vibrant,活気に満ちた
eyewitness,目撃者
commodity,商品
notorious,悪名高い
shot,勝ち目
emigrate,移住する
cede,譲渡する
degrade,分解する
extremist,過激派
execute,実行する
long-lasting,長続きする
reside,存在する
empower,権限を与える
hallmark,特徴
squarely,真っ向から
parameter,限界
wield,行使する
epidemic,流行
perilous,危険な
predisposed,傾向にある
sovereign,主権を有する
hardscrabble,やせた
impersonal,人間味のない
beset,悩ます
trespass,侵入する
quip,当意即妙に言う
forte,得意
foolproof,絶対確実な
far-fetched,ありえない
weather,乗り切る
eerie,不気味な
pawn,手先
esoteric,難解な
despicable,卑劣な
scavenge,あさる
shroud,包む
infighting,内輪もめ
laureate,受賞者
squeak,金切り声を出す
qualm,良心の呵責
psychic,精神の
full-fledged,一人前の
reimburse,返済する
philanthropy,慈善活動
unilateral,一方的な
commonplace,ありふれた
domesticate,家畜化する
polytheistic,多神教の
concur,一致する
idiosyncratic,独特の
tenure,終身在職権
graffiti,落書き
intrusive,立ち入った
mimicry,模倣
coffer,財源
phenomenal,驚異的な
bizarre,風変わりな
ignominious,不名誉な
fraternity,兄弟関係
serene,のどかな
slouch,前かがみになる
lanky,やせてひょろっとした
reprisal,報復
desolate,荒れ果てた
perennial,いつまでも続く
bluff,はっぱりをかける
squirm,身をよじる
transpire,（事件などが）起こる
aboveboard,公正明大な
eminent,高名な
discerning,洞察力のある
labyrinth,迷宮
conciliate,なだめる
perfunctory,通り一遍の
repatriate,本国へ送還する
traverse,横切る
bridle,つんとす
queasy,吐き気がする
grapple,（問題に）取り組む
livid,激怒した
zeal,熱意
stupor,人事不省
harrowing,悲惨な
brazen,厚かましい
elucidation,解明
repel,追い払う
scamper,すばやく走る
meander,曲がりくねる
despondent,失望した
wade,歩いて渡る
inquisitive,好奇心の強い
chastise,厳しく非難する
retard,遅らせる
complexion,顔色
constellation,星座
imbue,植え付ける
primate,霊長類
reptile,は虫類
amphibian,両生類
vertebrate,脊椎動物
carnivore,肉食動物
herbivore,草食動物
rodent,げっ歯類の動物
mollusk,軟体動物
avian,鳥類の
flatworm,扁形動物
parasite,寄生生物
aquatic,水生の
ape,類人猿
canine,イヌ科の
lynx,オオヤマネコ
badger,アナグマ
mole,モグラ
otter,カワウソ
lizard,トカゲ
waterfowl,水鳥
falcon,ハヤブサ
jay,カケス
termite,シロアリ
flea,ノミ
maggot,ウジ虫
wasp,スズメバチ
cod,タラ
herring,ニシン
trout,マス
catfish,ナマズ
jellyfish,クラゲ
urchin,ウニ
crayfish,ザリガニ
cocoon,繭
larva,幼虫
venomous,毒のある
pollinate,授粉する
angiosperm,被子植物
gymnosperm,裸子植物
conifer,針葉樹
deciduous,落葉性の
photosynthesis,光合成
airborne,空気で運ばれる
dandelion,タンポポ
larch,カラマツ
fungus,菌類
algae,藻
evolution,進化
mutation,突然変異
inbreeding,近親交配
stroke,脳卒中
concussion,脳振とう
migraine,偏頭痛
measles,はしか
rubella,風疹
mumps,おたふくかぜ
asthma,喘息
tuberculosis,結核
emphysema,気腫
diabetes,糖尿病
ulcer,潰瘍
atrophy,萎縮
tumor,腫瘍
hematoma,血腫
anemic,貧血の
thyroid,甲状腺
carcinogen,発がん物質
obesity,肥満
diarrhea,下痢
ingest,摂取する
metabolism,代謝
protein,タンパク質
allergen,アレルゲン
lesion,傷
inflammation,炎症
arthritis,関節炎
pneumonia,肺炎
fracture,骨折
laceration,裂傷
graft,移植片
spasm,けいれん
cramp,ひひきつり
paralysis,まひ
symptom,症状
syndrome,症候群
complication,合併症
remedy,治療
chemotherapy,化学療法
biopsy,生検法
forceps,ピンセット
prosthesis,人工の補綴
disorder,疾患
dysfunction,機能障害
germ,病原菌
microbe,微生物
pathogen,病原体
virus,ウイルス
gene,遺伝子
cellular,細胞の
nucleus,細胞核
chromosome,染色体
acid,リボ核酸
nucleotide,ヌクレオチド
genome,ゲノム
neural,神経の
neuron,ニューロン
synapse,シナプス
receptor,受容体
regimen,計画
vaccine,ワクチン
antibody,抗体
antibiotic,抗生物質
pandemic,世界的大流行
painkiller,鎮痛剤
antidote,解毒剤
placebo,偽薬
immunization,予防接種
sedation,鎮静作用
narcotic,麻酔剤
anesthesia,麻酔
sterilize,殺菌する
comatose,昏睡状態の
amputation,切断
euthanasia,安楽死
reproductive,生殖の
fertility,受精能力
pregnancy,妊娠
infertility,不妊症
embryo,胎児
childbirth,出産
cortex,外皮
skull,頭蓋骨
scalp,頭皮
retina,網膜
cavity,空洞
cervical,首の
abdominal,腹部の
spine,脊柱
cord,脊髄
marrow,髄
membrane,膜
limb,手足
extremities,手足
skeleton,骨格
cartilage,軟骨
gristle,軟骨
blade,肩甲骨
rib,あばら骨
intestine,腸
gastrointestinal,胃腸の
coronary,心臓の
pulmonary,肺の
cardiopulmonary,心肺の
pancreas,膵臓
kidney,腎臓
womb,子宮
artery,動脈
cardiovascular,心臓血管の
saliva,唾液
digestion,消化
feces,排泄物
cognition,認識
subliminal,潜在意識の
neurotic,神経症の
paranoia,妄想症
schizophrenia,統合失調症
hysteria,ヒステリー
depressed,うつ病の
melancholy,憂うつ
autism,自閉症
insomnia,不眠症
trance,催眠状態
dementia,認知症
euphoria,多幸症
sociopath,社会病質者
regression,後退
deforestation,森林伐採
dioxide,二酸化炭素
emission,排出
ozone,オゾン
petroleum,石油
hydropower,水力発電
geothermal,地熱の
radiation,放射線
acidification,酸性化
biodiversity,生物多様性
species,種
endangered,絶滅の危機に瀕した
extinction,絶滅
fauna,動物相
flora,植物相
den,巣穴
reforestation,植林
forestry,林業
canopy,林冠
contamination,汚染
pollutant,汚染物質
sustainable,持続可能な
cereal,穀物
monoculture,単一栽培
fertilizer,肥料
herbicide,除草剤
pest,害虫
pesticide,殺虫剤
blight,病害
plantation,大農園
herd,群れ
ore,鉱石
tributary,支流
cascade,小滝
swamp,湿地
quagmire,ぬかるんだ土地
shoal,浅瀬
seabed,海底
elevation,高さ
cove,小さな湾
chasm,深い割れ目
fissure,裂け目
crevice,割れ目
aquifer,帯水層
porous,通水性の
sediment,沈殿物
plateau,高原
topography,地形
Paleozoic,古生代の
Mesozoic,中生代の
Cenozoic,新生代の
archaeopteryx,始祖鳥
archipelago,群島
peninsula,半島
mantle,マントル
volcanism,火山活動
lava,溶岩
tremor,微震
landslide,地滑り
glacier,氷河
iceberg,氷山
avalanche,雪崩
crust,地殻
cataclysm,地殻の大変動
axis,地軸
equator,赤道
hemisphere,半球
climatic,気候の
boreal,北方の
tundra,ツンドラ
thaw,解ける
dusk,夕暮れ
drizzle,霧雨
muggy,蒸し暑い
drought,干ばつ
precipitation,降水量
solstice,至
magnetosphere,磁気圏
gravity,重力
orbit,軌道
meteor,流星
meteorite,隕石
junk,宇宙ごみ
asteroid,小惑星
planet,準惑星
interstellar,恒星間の
galaxy,銀河
nebular,星雲状の
neutron,中性子
proton,陽子
quantum,量子
radioactivity,放射能
reactor,原子炉
velocity,速度
gravitation,引力
friction,摩擦
field,磁場
conductive,伝導性の
convection,対流
spectrum,スペクトル
molecule,分子
isotope,アイソトープ
compound,合成物
synthetic,合成の
hydrogen,水素
nitrogen,窒素
arsenic,ヒ素
phosphorus,リン
acid,硫酸
zinc,亜鉛
acetylene,アセチレン
carbohydrate,炭水化物
dioxide,二酸化物
hydrocarbon,炭化水素
fluoride,フッ化物
iridium,イリジウム
methane,メタン
nitrate,硝酸塩
platinum,プラチナ
radium,ラジウム
alloy,合金
metallurgy,冶金
amalgam,アマルガム
enzyme,酵素
lactose,乳糖
solvent,溶液
unsaturated,不飽和の
equation,等式
continuum,連続体
infinity,無限大
maximum,最大限
ratio,比率
coefficient,係数
rectangle,長方形
radius,半径
diameter,直径
elliptical,楕円の
cylinder,円柱
cone,円すい
subset,下位集合
specification,仕様
thermostat,自動温度調節装置
radar,レーダー
circuitry,電気回路
electrode,電極
quartz,石英
silicon,ケイ素
graphite,黒鉛
cyberspace,サイバースペース
garbled,文字化けした
edifice,建築物
condominium,分譲マンション
high-rise,高層の
urbanization,都市化
outskirts,郊外
sprawl,都市の膨張
thoroughfare,道路
landmark,目印となる建物
infrastructure,社会基盤
cornerstone,礎石
timber,木材
sawmill,製材所
ditch,溝
sewage,下水
reservoir,貯水池
waterway,船が航行できる水路
pier,桟橋
wharf,埠頭
intersection,交差点
pedestrian,歩行者
collision,衝突
carrier,運送業者
toll-free,無料の
aviation,航空
runway,滑走路
mileage,走行距離
constituent,選挙人
electorate,選挙区
suffrage,投票権
senator,上院議員
propaganda,プロパガンダ
racism,人種差別
territorial,領土の
hegemony,覇権
diplomat,外交官
armistice,休戦
pact,条約
coup,クーデター
corps,兵団
admiral,海軍大将
colonel,大佐
lieutenant,中尉
outpost,前哨地
trench,塹壕
militia,民兵組織
veteran,退役軍人
patriotism,愛国心
arsenal,兵器庫
projectile,発射物
torpedo,魚雷
ammunition,弾薬
artillery,大砲
grenade,手投げ弾
emplacement,据えつけ
devalue,通貨を切り下げる
inflation,インフレ
cartel,カルテル
mercantilism,重商主義
recession,不景気
monetary,通貨の
jurisdiction,司法権
perpetrator,加害者
defendant,被告
plaintiff,原告
prosecutor,検察官
juror,陪審員
jury,陪審員団
attorney,弁護士
barrister,法廷弁護士
lawsuit,訴訟
probation,執行猶予
commutation,減刑
imprisonment,投獄
counterclaim,反対要求
mistrial,無効審理
remand,再勾留する
immunity,刑事免責
insanity,精神錯乱
default,不履行
perjury,偽証罪
burglary,押し込み強盗
larceny,窃盗
arson,放火
homicide,殺人
manslaughter,故殺
hostage,人質
contraband,密輸品
legacy,遺産
beneficiary,恩恵を受ける人
consortium,合弁企業
syndicate,企業組合
capitalist,資本家
stakeholder,出資者
entrepreneur,起業家
pension,年金
resignation,辞任
ledger,元帳
overdraft,貸し越し
retailer,小売業者
output,生産高
clientele,顧客
bankruptcy,倒産
questionnaire,アンケート
respondent,回答者
prototype,原型
agenda,会議事項
patent,特許
disclaimer,免責条項
prehistoric,先史時代の
archaeological,考古学の
remains,遺跡
excavation,発掘
catacomb,地下埋葬場
coffin,ひつぎ
flint,火打ち石
artifact,加工品
lance,やり
hearth,炉
shipwreck,難破船
mummy,ミイラ
glyph,象形文字
inscription,碑文
epitaph,墓碑銘
archive,公文書
chronicle,年代記
millennium,千年
medieval,中世の
dynasty,王朝
aristocracy,貴族
genealogy,家系
crusade,十字軍
rampart,城壁
dungeon,地下牢
imperialism,帝国主義
coronation,戴冠式
autocrat,独裁者
dictator,独裁者
massacre,大虐殺
exorcism,悪魔払い
peasantry,小作農
mores,社会的慣習
folklore,民間伝承
mythology,神話
spouse,配偶者
suitor,求婚者
dowry,持参金
ghetto,ゲットー
caste,カースト
prelate,高位聖職者
archbishop,大司教
bishop,司教
monk,修道士
monastery,修道院
missionary,伝道師
pilgrim,巡礼者
worship,礼拝
ethic,倫理
requiem,死者のためのミサ
dirge,葬送歌
redemption,贖罪
penance,懺悔
pagan,異教徒
atheism,無神論
agnostic,不可知論者
deterministic,決定論的な
curator,学芸員
sponsorship,後援
pigment,色素
varnish,ニス
symmetry,左右対称
replica,レプリカ
balm,香油
porcelain,磁器
auditorium,観客席
cathartic,カタルシスを起こす
recite,朗読する
playwright,脚本家
phonograph,蓄音器
lexical,語彙の
syntax,統語論
conjugate,活用させる
conjunction,接続詞
determiner,限定詞
semantic,意味論の
pronunciation,発音
vernacular,日常語
synonym,同義語
faculty,学部
doctoral,博士号の
academia,学界
methodology,方法論
expertise,専門知識
taxonomy,分類学
paradigm,理論などの枠組み
empirical,実験に基づく
thesis,学位論文
terminology,専門用語
rhetoric,修辞法
preface,序文
bibliography,参考文献一覧
typo,誤植
dormitory,寮
tamper with ,勝手にいじる
buckle down,本気で取りかかる
mull over,じっくり考える
boil down to ,つまるところ～になる
crack down on ,厳しく取り締まる
crop up,持ち上がる
tip off,内報する
pan out,うまくいかない
clam up,口をつぐむ
harp on,くどくど言う
pine for ,～を恋しく思う
chime in,議論に加わる
tap into ,開拓する
beef up,強化する
egg on,けしかける
scrape by,かろうじて生計を立てる
blow away,仰天させる
drown out,かき消す
bank on ,当てにする
rub off on ,移る
dote on ,溺愛する
rattle off,すらすらと言う
own up,認める
shell out,払う
peter out,次第に減少してなくなる
eke out,生計を立てる
pass down,伝える
butter up,おべっかを使う
dispense with ,なしで済ます
do up,飾る
live down,忘れる
level with ,正直に話す
dawn on ,わかり始める
shake off,振り払う
vouch for ,保証する
rifle through ,くまなく調べる
head off,阻止する
polish off,さっさと平らげる
rein in,抑制する
bow out,身を引く
cast off,捨てる
scoot over,少し詰める
fizzle out,途中で駄目になる
rope in,誘い込む
patch up,修復する
drift off,居眠りする
act up,不調である
stumble on ,偶然くわす
weed out,取り除く
fork out,払う
whip up,手早く用意する
fend off,かわす
jockey for ,得ようと競う
pull off,成し遂げる
farm out,委託する
simmer down,落ち着く
poke around,探し回る
taper off,次第に減る
write off,無意味なものと見なす
pick off,狙って撃つ
blot out,完全に覆い隠す
run up,ため込む
barge in,口をはさむ
wriggle out of ,うまく逃れる
ease up,緩める
bear down on ,迫ってくる
carve up,分割する
bawl out,ひどく叱る
bottle up,押し殺す
goof off,浪費する
dwell on ,こだわる
dish out,与える
louse up,台無しにする
nose around ,かぎ回る
come by ,手に入れる
rail against ,激しく非難する
crank out,量産する
hang back,ためらう
piece together,組み立てる
swear by ,信頼を置く
put in for ,申請する
chew out,ガミガミ叱る
fritter away,浪費する
wolf down,がつがつ食べる
dole out,分け与える
spur on,駆り立てる
hunker down,避難する
bog down,動きが取れなくなる
snap out of ,立ち直る
boil over,堪忍袋の緒が切れる
deck out,着飾らせる
breeze in,ふらりとやって来る
settle on ,決める
sound out,打診する
barge through ,かき分けて進む
lay out,説明する
factor in,計算に入れる
pin down,突き止める
roll in,到着する
hold down,続ける
fall through,失敗に終わる
stamp out,根絶する
throw out,痛める
pass A off as B,AをBと偽る
bear out,裏づける
come down on ,きつく叱る
play up,強調する
zero in on ,注意を集中する
butt in,口をはさむ
toy with ,漠然と抱く
wind up,終わる
rack up,獲得する
pitch in,協力する
horse around,ふざけ回る
gang up on ,袋叩きにする
wind down,徐々に終わる
make off with ,持ち去る
flesh out,肉付けする
rip through ,勢いよく通り過ぎる
palm off,をだまして売りつける
tack on,をつけ足す
hinge on ,次第である
pore over ,をじっくり読む
hole up,隠れる
churn out,乱造する
leaf through ,本などを素早くパラパラめくる
trip up,人をひっかける
blurt out,を思わず口に出す
nail down,を突き止める
tear into ,人を激しく攻撃する
trump up,を捏造する
knuckle down,真剣に取り組む
lap up,情報を真に受ける
spout off,べらべらしゃべる
scrimp on,を節約する
wrap up,仕事を終える
shrug off,無視する
side with ,の側に立つ
drag on,長引く
ramp up,生産などを増やす
shy away from ,を避ける
chip in,金を出し合う
strike up,会話などを始める
fire away,どんどん質問する
fan out,四方に散らばる
bail out,を救済する
cave in,降参する
square off,対戦する
crack up,大笑いする
choke up,場所をいっぱいにふさぐ
mete out,罰などを与える
clog up,の動きを妨害する
waste away,衰える
jot down,を書き留める
lay into ,人を非難する
stand in for ,人の代わりをする
foul up,計画などを台無しにする
belt out,を大声で歌う
spruce up,身なりを整える
muddle through,どうにか切り抜ける
snuff out,を終わらせる
pick up on ,に気づく
keel over,人が倒れる
bunch up,一か所に集まる
go through with ,計画などを遂行する
ease off,和らぐ
load up on ,を買いだめる
chip away at ,を少しずつ弱める
float around,うわさなどが広まる
drag out,を長引かせる
roll back,価格などを下げる
creep in,忍び寄る
drum up,事業などを起こす
skirt around ,を避ける
sift through ,情報を詳しく調べる
worm A out of B,BからAを聞き出す
square up,清算する
while away,時間をのんびり過ごす
tower over ,より抜きんでている
rake in,大金を獲得する
lead up to ,につながる
back out,手を引く
head up,責任者である
cater to ,要求にこたえる
push for ,を強く求める
snap up,急いで買う
mark up,値上げする
dumb down,難しいことを簡単にする
squeeze in,をねじ込む
throw in,おまけとしてをつける
lag behind ,に後れを取る
shoot for ,を目指す
pass over,候補から外す
descend on ,に詰めかける
sink in,十分に理解される
bubble over,興奮する
branch out,事業などを拡大する
spice up,味わいを加える
trail off,次第に小さくなる
skim off,横領する
brim over,あふれる
strike off,リストから名前を消す
whisk away,さっと連れ去る
settle for ,で我慢しておく
flunk out,退学する
paper over,問題を覆い隠す
hike up,価格などを引き上げる
wash out,汚れが洗って落ちる
suck up to ,人にこびる
dash off,を急いで書く
choke back,感情を抑える
lop off,経費などを削減する
nibble at ,貯金を切り崩す
walk out on ,人を見捨てる
hold out for ,を要求して粘る
draw in,人を引き込む
follow through with ,計画をやり遂げる
mouth off,生意気な口を利く
stow away,密航する
bundle up,暖かく着込む
soak up,雰囲気を満喫する
keep after ,人にしつこく言う
coop up,を閉じ込める
claw back,失ったものを取り戻す
gain on ,近づく
hold out on ,人に隠している
flip out,激怒する
get in on ,活動などに加わる
dabble in,にちょっと手を出す
knuckle under,屈する
take to ,を好きになる
sit in for ,の代理を務める
pipe down,静かにする
scratch out,線を引き消す
perk up,元気づける
smooth down,を平らにする
thin out,をまばらにする
talk down,を軽視する
shove around,人をこき使う
blare out,をがなり立てる
drone on,だらだらと話す
root for ,応援する
pack off,人を送り出す
sponge off,人にたかる
get away with ,悪いことをして逃れる
shove off,離れる
store up,問題を招く
reckon on ,を当てにする
spin out,長引かせる
chase up,人にを促す
front for ,の隠れみのになる
duck out,こっそり抜け出す
fawn over ,人にこびる
grate on ,人をいら立たせる
tail off,徐々に減少する
rig up,急ごしらえする
stave off,を食い止める
let up on ,人に対して手加減をする
wipe out,全滅させる
usher in,の先駆けとなる
sort out,問題を解決する
phase out,段階的に停止する
strike down,無効とする
wear off,次第に消える
take on,雇う
break down,屈する
take up,を始める
pass up,機会を見送る
turn to ,に頼る
draw on ,経験を生かす
stick around,居座る
abide by ,規則に従う
weigh in,議論に加わる
glance off,をかすめる
rake off,リベートを受け取る
take in,見物する
play down,過小評価する
box up,箱に入れる
bring up,話題を持ち出す
blow up,感情を爆発させる
boot up,起動する
chip off,を削り取る
trip over ,につまずく
crouch down,かがむ
fade in,次第にはっきりする
filter out,をふるいにかける
beat up,たたきのめす
fuss over,をちやほやする
scrape together,をかき集める
slip by,いつの間にか過ぎる
deal out,を分配する
soften up,を和らげる
level off,成長が止まる
shrivel up,しなびる
let down,人を失望させる
mark out,を区切る
bottom out,底をつく
get down to ,に取りかかる
trim down,を削減する
run off with ,を持ち逃げする
puzzle over ,に頭を悩ませる
put forward,提案する
stem from ,に由来する
shake up,を動揺させる
spring up,急に現れる
back down,引き下がる
saddle A with B,AにBを負わせる
fall back on ,に頼る
hold back,ためらう
lay down,規則を設定する
hold off,しないで待つ
single out,を選び出す
kick off,を始める
gear up,準備をする
pay off,努力が実を結ぶ